qid,axis,original,variant,keep
D002,saudi_dialect,كم إجمالي العينات المستلمة وكم عينة فريدة؟,كم عدد العينات اللي استلمناها كلها، وكم منها عينات فريدة؟,1
D002,spontaneous,كم إجمالي العينات المستلمة وكم عينة فريدة؟,امم كم… يعني إجمالي العينات المستلمة كم؟ وكم عينة فريدة منها؟,1
D002,spoken_numbers,كم إجمالي العينات المستلمة وكم عينة فريدة؟,كم إجمالي العينات المستلمة وكم عينة فريدة؟ أبي الرقمين الاثنين,1
D002,asr_noise,كم إجمالي العينات المستلمة وكم عينة فريدة؟,كم اجمالي العينات المستلمه وكم عينه فريده,1
D002,msa_formal,كم إجمالي العينات المستلمة وكم عينة فريدة؟,ما العدد الإجمالي للعينات المستلمة، وما عدد العينات الفريدة منها؟,1
D011,saudi_dialect,ما هو أداء كل بلدية من حيث نسبة المطابقة؟,وش أداء كل بلدية من ناحية نسبة المطابقة؟,1
D011,spontaneous,ما هو أداء كل بلدية من حيث نسبة المطابقة؟,طيب أبي أعرف… أداء كل بلدية يعني، من حيث نسبة المطابقة كيف؟,1
D011,spoken_numbers,ما هو أداء كل بلدية من حيث نسبة المطابقة؟,ما هو أداء كل بلدية من البلديات التسع من حيث نسبة المطابقة؟,1
D011,asr_noise,ما هو أداء كل بلدية من حيث نسبة المطابقة؟,ما هو اداء كل بلديه من حيث نسبه المطابقه؟,1
D011,msa_formal,ما هو أداء كل بلدية من حيث نسبة المطابقة؟,ما مستوى أداء كل بلدية من حيث نسبة المطابقة؟,1
D010,saudi_dialect,ما هي أخطر ٥ أحياء من حيث نسبة المخالفة؟,وش أخطر خمس أحياء من ناحية نسبة المخالفة؟,1
D010,spontaneous,ما هي أخطر ٥ أحياء من حيث نسبة المخالفة؟,امم أبي أخطر… أخطر خمسة أحياء يعني من حيث نسبة المخالفة,1
D010,spoken_numbers,ما هي أخطر ٥ أحياء من حيث نسبة المخالفة؟,ما هي أخطر خمسة أحياء من حيث نسبة المخالفة؟,1
D010,asr_noise,ما هي أخطر ٥ أحياء من حيث نسبة المخالفة؟,ما هي اخطر ٥ احياء من حيث نسبه المخالفه,1
D010,msa_formal,ما هي أخطر ٥ أحياء من حيث نسبة المخالفة؟,ما الأحياء الخمسة الأعلى خطورة من حيث نسبة المخالفة؟,1
D019,saudi_dialect,ما هو اتجاه نسبة المطابقة على مدى الأشهر؟,وش اتجاه نسبة المطابقة على مدى الأشهر؟ تزيد ولا تنقص؟,1
D019,spontaneous,ما هو اتجاه نسبة المطابقة على مدى الأشهر؟,طيب نسبة المطابقة… كيف اتجاهها يعني على مدى الأشهر؟,1
D019,spoken_numbers,ما هو اتجاه نسبة المطابقة على مدى الأشهر؟,ما هو اتجاه نسبة المطابقة على مدى الأشهر من يناير إلى مايو ٢٠٢٦؟,1
D019,asr_noise,ما هو اتجاه نسبة المطابقة على مدى الأشهر؟,ما هو اتجاه نسبه المطابقه على مدى الاشهر,1
D019,msa_formal,ما هو اتجاه نسبة المطابقة على مدى الأشهر؟,كيف يتجه معدل نسبة المطابقة على مدى الأشهر؟,1
D012,saudi_dialect,قارن بين بلدية شرق بريدة وبلدية غرب بريدة في نسبة المخالفة,قارن لي بين بلدية شرق بريدة وبلدية غرب بريدة في نسبة المخالفة,1
D012,spontaneous,قارن بين بلدية شرق بريدة وبلدية غرب بريدة في نسبة المخالفة,ابي… قارن بين بلدية شرق بريدة و، يعني، بلدية غرب بريدة في نسبة المخالفة,1
D012,spoken_numbers,قارن بين بلدية شرق بريدة وبلدية غرب بريدة في نسبة المخالفة,قارن بين البلديتين: بلدية شرق بريدة وبلدية غرب بريدة في نسبة المخالفة,1
D012,asr_noise,قارن بين بلدية شرق بريدة وبلدية غرب بريدة في نسبة المخالفة,قارن بين بلديه شرق بريده وبلديه غرب بريده في نسبه المخالفه,1
D012,msa_formal,قارن بين بلدية شرق بريدة وبلدية غرب بريدة في نسبة المخالفة,أجرِ مقارنة بين بلدية شرق بريدة وبلدية غرب بريدة من حيث نسبة المخالفة,1
B009,saudi_dialect,ما هي عينات الفلفل الراسبة؟,وش عينات الفلفل اللي رسبت؟,1
B009,spontaneous,ما هي عينات الفلفل الراسبة؟,امم عينات الفلفل… الراسبة يعني، وش هي؟,1
B009,spoken_numbers,ما هي عينات الفلفل الراسبة؟,ما هي كل عينات الفلفل الراسبة؟,1
B009,asr_noise,ما هي عينات الفلفل الراسبة؟,ما هي عينات الفلافل الراسبه؟,1
B009,msa_formal,ما هي عينات الفلفل الراسبة؟,ما عينات الفلفل التي صُنِّفت راسبة؟,1
A023,saudi_dialect,في أي التوابل ظهر الكاربندازيم؟,في أي توابل طلع الكاربندازيم؟,1
A023,spontaneous,في أي التوابل ظهر الكاربندازيم؟,الكاربندازيم… امم في أي التوابل ظهر؟,1
A023,spoken_numbers,في أي التوابل ظهر الكاربندازيم؟,في أي نوع من التوابل ظهر الكاربندازيم ولو مرة واحدة؟,1
A023,asr_noise,في أي التوابل ظهر الكاربندازيم؟,في اي التوابل ظهر الكاربندازين؟,1
A023,msa_formal,في أي التوابل ظهر الكاربندازيم؟,في أيٍّ من التوابل رُصد مبيد الكاربندازيم؟,1
A052,saudi_dialect,ما هي العينات المأخوذة من جمعية البطين الزراعية؟,وش العينات اللي انسحبت من جمعية البطين الزراعية؟,1
A052,spontaneous,ما هي العينات المأخوذة من جمعية البطين الزراعية؟,طيب جمعية البطين الزراعية… وش العينات المأخوذة منها؟,1
A052,spoken_numbers,ما هي العينات المأخوذة من جمعية البطين الزراعية؟,ما هي كل العينات المأخوذة من جمعية البطين الزراعية؟,1
A052,asr_noise,ما هي العينات المأخوذة من جمعية البطين الزراعية؟,ما هي العينات الماخوذه من جمعيه البطين الزراعيه,1
A052,msa_formal,ما هي العينات المأخوذة من جمعية البطين الزراعية؟,ما العينات التي سُحبت من جمعية البطين الزراعية؟,1
B039,saudi_dialect,ما هي العينات غير المطابقة في جمعية البطين الزراعية؟,وش العينات اللي ما طابقت في جمعية البطين الزراعية؟,1
B039,spontaneous,ما هي العينات غير المطابقة في جمعية البطين الزراعية؟,العينات… غير المطابقة يعني، في جمعية البطين الزراعية وش هي؟,1
B039,spoken_numbers,ما هي العينات غير المطابقة في جمعية البطين الزراعية؟,ما هي كل العينات غير المطابقة في جمعية البطين الزراعية؟,1
B039,asr_noise,ما هي العينات غير المطابقة في جمعية البطين الزراعية؟,ما هي العينات غير المطابقه في جمعيه البطين الزراعيه,1
B039,msa_formal,ما هي العينات غير المطابقة في جمعية البطين الزراعية؟,ما العينات غير المطابقة للمواصفات في جمعية البطين الزراعية؟,1
E016,saudi_dialect,قارن متوسط تركيز الكاربندازيم بين التوابل والخضراوات,قارن لي متوسط تركيز الكاربندازيم بين التوابل والخضار,1
E016,spontaneous,قارن متوسط تركيز الكاربندازيم بين التوابل والخضراوات,متوسط تركيز الكاربندازيم… امم قارن بين التوابل والخضراوات,1
E016,spoken_numbers,قارن متوسط تركيز الكاربندازيم بين التوابل والخضراوات,قارن متوسط تركيز الكاربندازيم بين الفئتين: التوابل والخضراوات,1
E016,asr_noise,قارن متوسط تركيز الكاربندازيم بين التوابل والخضراوات,قارن متوسط تركيز الكاربندازين بين التوابل والخضراوات,1
E016,msa_formal,قارن متوسط تركيز الكاربندازيم بين التوابل والخضراوات,أجرِ مقارنة لمتوسط تركيز مبيد الكاربندازيم بين التوابل والخضراوات,1
B042,saudi_dialect,ما عدد عينات الطماطم الراسبة آخر ٣ شهور؟,كم عينة طماطم رسبت آخر ثلاث شهور؟,1
B042,spontaneous,ما عدد عينات الطماطم الراسبة آخر ٣ شهور؟,امم الطماطم… كم عينة راسبة آخر ٣ شهور؟,1
B042,spoken_numbers,ما عدد عينات الطماطم الراسبة آخر ٣ شهور؟,ما عدد عينات الطماطم الراسبة آخر ثلاثة أشهر؟,1
B042,asr_noise,ما عدد عينات الطماطم الراسبة آخر ٣ شهور؟,ما عدد عينات الطماطم الراسبه اخر ٣ شهور,1
B042,msa_formal,ما عدد عينات الطماطم الراسبة آخر ٣ شهور؟,ما عدد عينات الطماطم الراسبة خلال الأشهر الثلاثة الأخيرة؟,1
B043,saudi_dialect,ما هي عينات القهوة الراسبة آخر شهر؟,وش عينات القهوة اللي رسبت آخر شهر؟,1
B043,spontaneous,ما هي عينات القهوة الراسبة آخر شهر؟,القهوة… امم وش العينات الراسبة منها آخر شهر؟,1
B043,spoken_numbers,ما هي عينات القهوة الراسبة آخر شهر؟,ما هي عينات القهوة الراسبة آخر شهر واحد؟,1
B043,asr_noise,ما هي عينات القهوة الراسبة آخر شهر؟,ما هي عينات القهوه الراسبه اخر شهر,1
B043,msa_formal,ما هي عينات القهوة الراسبة آخر شهر؟,ما عينات القهوة التي رسبت خلال الشهر الأخير؟,1
E001,saudi_dialect,ما هو أعلى وأقل تركيز لمبيد الإيميداكلوبرايد؟,وش أعلى وأقل تركيز لمبيد الإيميداكلوبرايد؟,1
E001,spontaneous,ما هو أعلى وأقل تركيز لمبيد الإيميداكلوبرايد؟,الإيميداكلوبرايد… امم أعلى تركيز وأقل تركيز كم؟,1
E001,spoken_numbers,ما هو أعلى وأقل تركيز لمبيد الإيميداكلوبرايد؟,ما هو أعلى تركيز وأقل تركيز، الاثنين، لمبيد الإيميداكلوبرايد؟,1
E001,asr_noise,ما هو أعلى وأقل تركيز لمبيد الإيميداكلوبرايد؟,ما هو اعلى واقل تركيز لمبيد الاميداكلوبريد,1
E001,msa_formal,ما هو أعلى وأقل تركيز لمبيد الإيميداكلوبرايد؟,ما الحد الأقصى والحد الأدنى لتركيز مبيد الإيميداكلوبرايد؟,1
E002,saudi_dialect,ما هو المدى لتركيزات الإيميداكلوبرايد في الطماطم؟,كم المدى لتركيزات الإيميداكلوبرايد في الطماطم؟,1
E002,spontaneous,ما هو المدى لتركيزات الإيميداكلوبرايد في الطماطم؟,امم المدى يعني… لتركيزات الإيميداكلوبرايد في الطماطم كم؟,1
E002,spoken_numbers,ما هو المدى لتركيزات الإيميداكلوبرايد في الطماطم؟,ما هو المدى، أي الفرق بين أعلى وأقل، لتركيزات الإيميداكلوبرايد في الطماطم؟,1
E002,asr_noise,ما هو المدى لتركيزات الإيميداكلوبرايد في الطماطم؟,ما هو المدى لتركيزات الاميداكلوبرايد في الطماطم,1
E002,msa_formal,ما هو المدى لتركيزات الإيميداكلوبرايد في الطماطم؟,ما مدى تركيزات مبيد الإيميداكلوبرايد في عينات الطماطم؟,1
E003,saudi_dialect,ما هو المتوسط والوسيط لمبيد الإيميداكلوبرايد في الطماطم؟,وش المتوسط والوسيط لمبيد الإيميداكلوبرايد في الطماطم؟,1
E003,spontaneous,ما هو المتوسط والوسيط لمبيد الإيميداكلوبرايد في الطماطم؟,الإيميداكلوبرايد في الطماطم… امم كم المتوسط والوسيط؟,1
E003,spoken_numbers,ما هو المتوسط والوسيط لمبيد الإيميداكلوبرايد في الطماطم؟,ما هو المتوسط والوسيط، القيمتين، لمبيد الإيميداكلوبرايد في الطماطم؟,1
E003,asr_noise,ما هو المتوسط والوسيط لمبيد الإيميداكلوبرايد في الطماطم؟,ما هو المتوسط والوسيط لمبيد الايميدا كلوبرايد في الطماطم,1
E003,msa_formal,ما هو المتوسط والوسيط لمبيد الإيميداكلوبرايد في الطماطم؟,ما قيمتا المتوسط الحسابي والوسيط لمبيد الإيميداكلوبرايد في الطماطم؟,1
E004,saudi_dialect,ما متوسط تركيز الإيميداكلوبرايد في العينات فوق الحدود؟,كم متوسط تركيز الإيميداكلوبرايد في العينات اللي فوق الحدود؟,1
E004,spontaneous,ما متوسط تركيز الإيميداكلوبرايد في العينات فوق الحدود؟,امم متوسط تركيز الإيميداكلوبرايد… في العينات فوق الحدود يعني,1
E004,spoken_numbers,ما متوسط تركيز الإيميداكلوبرايد في العينات فوق الحدود؟,ما متوسط تركيز الإيميداكلوبرايد في العينات التي تجاوزت الحد ولو بمرة؟,1
E004,asr_noise,ما متوسط تركيز الإيميداكلوبرايد في العينات فوق الحدود؟,ما متوسط تركيز الاميداكلوبرايد في العينات فوق الحدود,1
E004,msa_formal,ما متوسط تركيز الإيميداكلوبرايد في العينات فوق الحدود؟,ما متوسط تركيز مبيد الإيميداكلوبرايد في العينات التي تتجاوز الحدود المسموحة؟,1
E005,saudi_dialect,ما هو المتوسط والوسيط للأزوكسي ستروبين في الخيار؟,وش المتوسط والوسيط للأزوكسي ستروبين في الخيار؟,1
E005,spontaneous,ما هو المتوسط والوسيط للأزوكسي ستروبين في الخيار؟,الأزوكسي ستروبين في الخيار… امم المتوسط والوسيط كم؟,1
E005,spoken_numbers,ما هو المتوسط والوسيط للأزوكسي ستروبين في الخيار؟,ما هو المتوسط والوسيط، الاثنين، للأزوكسي ستروبين في الخيار؟,1
E005,asr_noise,ما هو المتوسط والوسيط للأزوكسي ستروبين في الخيار؟,ما هو المتوسط والوسيط للازوكسي سترابين في الخيار,1
E005,msa_formal,ما هو المتوسط والوسيط للأزوكسي ستروبين في الخيار؟,ما قيمتا المتوسط والوسيط لمبيد الأزوكسي ستروبين في الخيار؟,1
E006,saudi_dialect,ما هو أعلى تركيز مسجّل للكلوربيريفوس ولأي عينة؟,وش أعلى تركيز انسجل للكلوربيريفوس ولأي عينة؟,1
E006,spontaneous,ما هو أعلى تركيز مسجّل للكلوربيريفوس ولأي عينة؟,الكلوربيريفوس… امم أعلى تركيز مسجل كم ولأي عينة؟,1
E006,spoken_numbers,ما هو أعلى تركيز مسجّل للكلوربيريفوس ولأي عينة؟,ما هو أعلى تركيز واحد مسجّل للكلوربيريفوس ولأي عينة؟,1
E006,asr_noise,ما هو أعلى تركيز مسجّل للكلوربيريفوس ولأي عينة؟,ما هو اعلى تركيز مسجل للكلوربيروفوس ولاي عينه,1
E006,msa_formal,ما هو أعلى تركيز مسجّل للكلوربيريفوس ولأي عينة؟,ما أعلى تركيز سُجِّل لمبيد الكلوربيريفوس وفي أي عينة؟,1
E007,saudi_dialect,ما هو الانحراف المعياري لتركيزات الكاربندازيم في التوابل؟,كم الانحراف المعياري لتركيزات الكاربندازيم في التوابل؟,1
E007,spontaneous,ما هو الانحراف المعياري لتركيزات الكاربندازيم في التوابل؟,امم الكاربندازيم في التوابل… الانحراف المعياري لتركيزاته كم؟,1
E007,spoken_numbers,ما هو الانحراف المعياري لتركيزات الكاربندازيم في التوابل؟,ما هو الانحراف المعياري لتركيزات الكاربندازيم في كل التوابل؟,1
E007,asr_noise,ما هو الانحراف المعياري لتركيزات الكاربندازيم في التوابل؟,ما هو الانحراف المعياري لتركيزات الكاربندازين في التوابل,1
E007,msa_formal,ما هو الانحراف المعياري لتركيزات الكاربندازيم في التوابل؟,ما قيمة الانحراف المعياري لتركيزات مبيد الكاربندازيم في التوابل؟,1
E009,saudi_dialect,ما هي min و max و mean و median لكل مجموعة كيميائية عبر كل العينات؟,وش min و max و mean و median لكل مجموعة كيميائية في كل العينات؟,1
E009,spontaneous,ما هي min و max و mean و median لكل مجموعة كيميائية عبر كل العينات؟,امم لكل مجموعة كيميائية… min و max و mean و median عبر كل العينات,1
E009,spoken_numbers,ما هي min و max و mean و median لكل مجموعة كيميائية عبر كل العينات؟,ما هي القيم الأربع min و max و mean و median لكل مجموعة كيميائية عبر كل العينات؟,1
E009,asr_noise,ما هي min و max و mean و median لكل مجموعة كيميائية عبر كل العينات؟,ما هي min و max و mean و median لكل مجموعه كيميائيه عبر كل العينات,1
E009,msa_formal,ما هي min و max و mean و median لكل مجموعة كيميائية عبر كل العينات؟,ما القيم الدنيا والعليا والمتوسط والوسيط (min و max و mean و median) لكل مجموعة كيميائية عبر جميع العينات؟,1
E010,saudi_dialect,ما هي min و max و mean و median لكل مبيد في الطماطم؟,وش min و max و mean و median لكل مبيد في الطماطم؟,1
E010,spontaneous,ما هي min و max و mean و median لكل مبيد في الطماطم؟,الطماطم… امم لكل مبيد أبي min و max و mean و median,1
E010,spoken_numbers,ما هي min و max و mean و median لكل مبيد في الطماطم؟,ما هي القيم الأربع min و max و mean و median لكل مبيد في الطماطم؟,1
E010,asr_noise,ما هي min و max و mean و median لكل مبيد في الطماطم؟,ما هي min و max و mean و median لكل مبيد في الطماطه,1
E010,msa_formal,ما هي min و max و mean و median لكل مبيد في الطماطم؟,ما القيم min و max و mean و median لكل مبيد في عينات الطماطم؟,1
E012,saudi_dialect,ما متوسط نسبة %MRL لكل منتج؟,كم متوسط نسبة %MRL لكل منتج؟,1
E012,spontaneous,ما متوسط نسبة %MRL لكل منتج؟,امم نسبة %MRL… متوسطها لكل منتج كم؟,1
E012,spoken_numbers,ما متوسط نسبة %MRL لكل منتج؟,ما متوسط نسبة %MRL لكل منتج على حدة؟,1
E012,asr_noise,ما متوسط نسبة %MRL لكل منتج؟,ما متوسط نسبه %MRL لكل منتج,1
E012,msa_formal,ما متوسط نسبة %MRL لكل منتج؟,ما متوسط النسبة المئوية من الحد الأقصى المسموح (%MRL) لكل منتج؟,1
E015,saudi_dialect,ما هو متوسط التركيز لكل حي على حده؟,كم متوسط التركيز لكل حي لحاله؟,1
E015,spontaneous,ما هو متوسط التركيز لكل حي على حده؟,امم متوسط التركيز… لكل حي على حده يعني,1
E015,spoken_numbers,ما هو متوسط التركيز لكل حي على حده؟,ما هو متوسط التركيز لكل حي من الأحياء على حده؟,1
E015,asr_noise,ما هو متوسط التركيز لكل حي على حده؟,ما هو متوسط التركيز لكل حي علي حده,1
E015,msa_formal,ما هو متوسط التركيز لكل حي على حده؟,ما متوسط التركيز في كل حي على حدة؟,1
E035,saudi_dialect,ما هو متوسط عدد المبيدات في العينات التي تجاوز مؤشر خطرها الحد الآمن؟,كم متوسط عدد المبيدات في العينات اللي مؤشر خطرها تعدى الحد الآمن؟,1
E035,spontaneous,ما هو متوسط عدد المبيدات في العينات التي تجاوز مؤشر خطرها الحد الآمن؟,امم العينات اللي تجاوز مؤشر خطرها الحد الآمن… متوسط عدد المبيدات فيها كم؟,1
E035,spoken_numbers,ما هو متوسط عدد المبيدات في العينات التي تجاوز مؤشر خطرها الحد الآمن؟,ما هو متوسط عدد المبيدات في العينات التي تجاوز مؤشر خطرها الحد الآمن الواحد؟,1
E035,asr_noise,ما هو متوسط عدد المبيدات في العينات التي تجاوز مؤشر خطرها الحد الآمن؟,ما هو متوسط عدد المبيدات في العينات التي تجاوز موشر خطرها الحد الامن,1
E035,msa_formal,ما هو متوسط عدد المبيدات في العينات التي تجاوز مؤشر خطرها الحد الآمن؟,ما متوسط عدد المبيدات في العينات التي يتجاوز مؤشر خطرها الحد الآمن؟,1
X01,saudi_dialect,ما هي المبيدات التي ظهرت في التمور؟,وش المبيدات اللي طلعت في التمر؟,1
X01,spontaneous,ما هي المبيدات التي ظهرت في التمور؟,امم التمور… وش المبيدات اللي ظهرت فيها يعني؟,1
X01,spoken_numbers,ما هي المبيدات التي ظهرت في التمور؟,ما هي كل المبيدات التي ظهرت ولو مرة واحدة في التمور؟,1
X01,asr_noise,ما هي المبيدات التي ظهرت في التمور؟,ما هي المبيدات التي ظهرت في الثمور؟,1
X01,msa_formal,ما هي المبيدات التي ظهرت في التمور؟,ما المبيدات التي رُصدت في عينات التمور؟,1
X02,saudi_dialect,كم عدد عينات التمر المطابقة وغير المطابقة؟,كم عينة تمر مطابقة وكم وحدة غير مطابقة؟,1
X02,spontaneous,كم عدد عينات التمر المطابقة وغير المطابقة؟,التمر… امم كم عينة مطابقة وكم غير مطابقة؟,1
X02,spoken_numbers,كم عدد عينات التمر المطابقة وغير المطابقة؟,كم عدد عينات التمر المطابقة وغير المطابقة، العددين الاثنين؟,1
X02,asr_noise,كم عدد عينات التمر المطابقة وغير المطابقة؟,كم عدد عينات التمر المطابقه وغير المطابقه,1
X02,msa_formal,كم عدد عينات التمر المطابقة وغير المطابقة؟,ما عدد عينات التمور المطابقة وغير المطابقة للمواصفات؟,1
X03,saudi_dialect,هل ظهر الأبامكتين في التمر؟,الأبامكتين طلع في التمر ولا لا؟,1
X03,spontaneous,هل ظهر الأبامكتين في التمر؟,امم هل… الأبامكتين يعني ظهر في التمر؟,1
X03,spoken_numbers,هل ظهر الأبامكتين في التمر؟,هل ظهر الأبامكتين ولو مرة واحدة في التمر؟,1
X03,asr_noise,هل ظهر الأبامكتين في التمر؟,هل ظهر الابا مكتين في التمر,1
X03,msa_formal,هل ظهر الأبامكتين في التمر؟,هل رُصد مبيد الأبامكتين في عينات التمور؟,1
