id,base,variant,question
F01,F01,original,المبيدات الموجودة في المكسرات
F01d,F01,dialect,وش المبيدات اللي لقيتوها في المكسرات؟
F01s,F01,spoken,طيب المبيدات اللي موجودة في المكسرات ايش هي
F01f,F01,formal,ما المبيدات التي رُصدت في عينات المكسرات؟
F02,F02,original,المبيدات الموجودة في الخضروات
F02d,F02,dialect,ايش المبيدات اللي تطلع في الخضار؟
F02s,F02,spoken,ابغى اعرف المبيدات الموجودة بالخضروات
F02f,F02,formal,ما هي المبيدات التي تم الكشف عنها في عينات الخضروات؟
F03,F03,original,كم عدد العينات غير المطابقة في المكسرات
F03d,F03,dialect,كم عينة مكسرات طلعت غير مطابقة؟
F03s,F03,spoken,عدد عينات المكسرات الغير مطابقه كم
F03f,F03,formal,ما عدد عينات المكسرات التي جاءت نتيجتها غير مطابقة؟
F04,F04,original,كم عدد العينات غير المطابقة في الفواكه في بلدية الديرة
F04d,F04,dialect,كم عينة فواكه ما طابقت في الديرة؟
F04s,F04,spoken,كم عينه غير مطابقه من الفواكه في بلديه الديره
F04f,F04,formal,ما عدد عينات الفواكه غير المطابقة في بلدية الديرة الفرعية؟
F05,F05,original,ما هي المبيدات الأكثر ظهوراً في الخضروات
F05d,F05,dialect,وش أكثر المبيدات اللي تطلع في الخضار؟
F05s,F05,spoken,اكثر مبيدات ظاهره في الخضروات ايش هي
F05f,F05,formal,ما المبيدات الأكثر رصداً في عينات الخضروات؟
F06,F06,original,أكثر ٨ مبيدات ظهوراً في العينات غير المطابقة في آخر شهرين
F06d,F06,dialect,عطني أكثر ثمان مبيدات طلعت في العينات الراسبة آخر شهرين
F06s,F06,spoken,اكثر ثمانية مبيدات في العينات الغير مطابقة خلال اخر شهرين
F06f,F06,formal,ما هي أكثر ثمانية مبيدات ظهوراً في العينات غير المطابقة خلال الشهرين الأخيرين؟
F07,F07,original,شلون كان الوضع شهر بشهر
F07d,F07,dialect,وش صار بالعينات شهر ورا شهر؟
F07s,F07,spoken,الوضع كل شهر كيف كان
F07f,F07,formal,كيف تطوّر وضع العينات من شهر إلى آخر؟
F08,F08,original,تقرير بآخر شهر
F08d,F08,dialect,عطني تقرير عن آخر شهر
F08s,F08,spoken,ابي تقرير اخر شهر
F08f,F08,formal,أرجو تقديم تقرير عن الشهر الأخير من البيانات.
F09,F09,original,من يناير إلى مارس
F09d,F09,dialect,كم عينة من يناير لين مارس؟
F09s,F09,spoken,العينات من شهر يناير الى شهر مارس
F09f,F09,formal,ما عدد العينات خلال الفترة من يناير إلى مارس؟
F10,F10,original,أعلى ثلاثة أحياء مخالفة
F10d,F10,dialect,وش أكثر ثلاث أحياء فيها مخالفات؟
F10s,F10,spoken,اعلى ٣ احياء مخالفه
F10f,F10,formal,ما هي الأحياء الثلاثة الأعلى في المخالفات؟
F11,F11,original,ما هو عدد العينات الكلية في شهر مارس
F11d,F11,dialect,كم عينة جتكم في مارس كلها؟
F11s,F11,spoken,كم عدد العينات كلها شهر مارس
F11f,F11,formal,ما إجمالي عدد العينات المفحوصة في شهر مارس؟
A025,A025,original,في أي المكسرات ظهرت المبيدات؟
A025d,A025,dialect,أي نوع مكسرات طلع فيه مبيدات؟
A025s,A025,spoken,المكسرات اللي فيها مبيدات ايش هي
A025f,A025,formal,ما أصناف المكسرات التي رُصدت فيها متبقيات مبيدات؟
A038,A038,original,ما هي أكثر ١٠ مبيدات تكراراً في التوابل؟
A038d,A038,dialect,وش أكثر عشرة مبيدات تتكرر في البهارات؟
A038s,A038,spoken,اكثر ١٠ مبيدات تتكرر في التوابل
A038f,A038,formal,ما المبيدات العشرة الأكثر تكراراً في عينات التوابل؟
A039,A039,original,ما هي أكثر ٥ مبيدات تكراراً في الخضراوات؟
A039d,A039,dialect,وش أكثر خمس مبيدات تتكرر في الخضار؟
A039s,A039,spoken,اكثر خمسه مبيدات بالخضراوات
A039f,A039,formal,ما المبيدات الخمسة الأكثر تكراراً في عينات الخضراوات؟
A040,A040,original,ما هي المبيدات التي لم تظهر إطلاقاً في الفواكه؟
A040d,A040,dialect,وش المبيدات اللي ما طلعت أبد في الفواكه؟
A040s,A040,spoken,المبيدات اللي ما ظهرت ابدا بالفواكه
A040f,A040,formal,ما المبيدات التي لم تُرصد مطلقاً في عينات الفواكه؟
B019,B019,original,ما هي العينات التي تجاوز فيها التركيز ضعف الحد في التوابل؟
B019d,B019,dialect,كم عينة بهارات تركيزها فوق ضعف الحد؟
B019s,B019,spoken,عينات التوابل اللي تعدت ضعف الحد
B019f,B019,formal,ما عدد عينات التوابل التي تجاوز فيها التركيز ضعفي الحد الأقصى؟
B023,B023,original,ما عدد المخالفات في الخضراوات مقابل الفواكه؟
B023d,B023,dialect,كم مخالفة في الخضار وكم في الفواكه؟
B023s,B023,spoken,المخالفات بالخضروات مقابل الفواكه كم
B023f,B023,formal,قارن عدد المخالفات بين الخضراوات والفواكه.
B049,B049,original,ما نسبة الرسوب في التوابل مقارنة بالمعدل العام؟
B049d,B049,dialect,نسبة رسوب البهارات كم مقارنة بالنسبة العامة؟
B049s,B049,spoken,نسبه الرسوب في التوابل مقابل المعدل العام
B049f,B049,formal,ما نسبة العينات الراسبة في التوابل مقارنةً بالنسبة الإجمالية لجميع العينات؟
D023,D023,original,ما نسبة عينات التوابل من إجمالي المخالفات؟
D023d,D023,dialect,التوابل كم نسبتها من كل المخالفات؟
D023s,D023,spoken,نسبه التوابل من اجمالي المخالفات
D023f,D023,formal,ما حصة عينات التوابل من إجمالي العينات المخالفة؟
