raw_name,canonical_name,analyte_class,match,rows,samples,detections,needs_review,note
abamectin,abamectin,pesticide,exact,19,19,19,,
abamictin,abamectin,pesticide,spelling,1,1,1,,
acatamiprid,acetamiprid,pesticide,spelling,1,1,1,,
accetamiprid,acetamiprid,pesticide,spelling,2,1,2,,
acetamaiprid,acetamiprid,pesticide,spelling,1,1,1,,
acetamipeid,acetamiprid,pesticide,spelling,1,1,1,,
acetamiprid,acetamiprid,pesticide,exact,368,310,368,,
acrtamiprid,acetamiprid,pesticide,spelling,1,1,1,,
aesfenvalirate,esfenvalerate,pesticide,spelling,1,1,1,yes,assumed esfenvalerate
aetamiprid,acetamiprid,pesticide,spelling,1,1,1,,
Afla B1,aflatoxin B1,mycotoxin,spelling,8,4,8,,
afla B1,aflatoxin B1,mycotoxin,spelling,2,2,2,,
Afla B2,aflatoxin B2,mycotoxin,spelling,4,2,4,,
Afla Bi,aflatoxin B1,mycotoxin,spelling,2,1,2,yes,assumed B1
AflaB1,aflatoxin B1,mycotoxin,spelling,4,2,4,,
aflaB1,aflatoxin B1,mycotoxin,spelling,19,15,19,,
aflaB1-B2,aflatoxin B1+B2,mycotoxin,spelling,2,1,2,yes,combined B1+B2 result; kept as its own analyte
aflaB10.003,aflatoxin B1,mycotoxin,spelling,2,1,2,yes,value 0.003 glued to the name; assumed aflatoxin B1
AflaB2,aflatoxin B2,mycotoxin,spelling,2,1,2,,
aflaB2,aflatoxin B2,mycotoxin,spelling,5,4,5,,
AflaG1,aflatoxin G1,mycotoxin,spelling,2,1,2,,
alachlor,alachlor,pesticide,exact,2,2,2,,
alfaB1,aflatoxin B1,mycotoxin,spelling,1,1,1,,
azcetamiprid,acetamiprid,pesticide,spelling,1,1,1,,
azoxstrobin,azoxystrobin,pesticide,spelling,1,1,1,,
azoxysterobin,azoxystrobin,pesticide,spelling,1,1,1,,
azoxystobin,azoxystrobin,pesticide,spelling,3,2,3,,
azoxystribin,azoxystrobin,pesticide,spelling,1,1,1,,
azoxystrobim,azoxystrobin,pesticide,spelling,1,1,1,,
azoxystrobin,azoxystrobin,pesticide,exact,415,328,415,,
azoxysttrobin,azoxystrobin,pesticide,spelling,1,1,1,,
azoxytrobin,azoxystrobin,pesticide,spelling,1,1,1,,
bifenazate,bifenazate,pesticide,exact,104,104,104,,
bifenthrin,bifenthrin,pesticide,exact,24,24,24,,
biphenyl,biphenyl,pesticide,exact,3,3,3,,
bocalid,boscalid,pesticide,spelling,1,1,1,,
boscalid,boscalid,pesticide,exact,128,127,128,,
bubrofuzin,buprofezin,pesticide,spelling,2,2,2,,
buprofezin,buprofezin,pesticide,exact,15,12,15,,
buprofuzin,buprofezin,pesticide,spelling,23,21,23,,
cadusafos,cadusafos,pesticide,exact,1,1,1,,
carbaryl,carbaryl,pesticide,exact,9,7,9,,
carbemdazim,carbendazim,pesticide,spelling,1,1,1,,
carbendazim,carbendazim,pesticide,exact,318,235,315,,
carbendazole,carbendazim,pesticide,spelling,1,1,1,yes,different ending (-azole); assumed carbendazim
carbnedazim,carbendazim,pesticide,spelling,2,1,2,,
carbofuran,carbofuran,pesticide,exact,68,48,68,,
chalothrin,cyhalothrin,pesticide,spelling,1,1,1,,
chloantraniliproole,chlorantraniliprole,pesticide,spelling,1,1,1,,
chloranraniliprole,chlorantraniliprole,pesticide,spelling,1,1,1,,
chlorantarniliprole,chlorantraniliprole,pesticide,spelling,1,1,1,,
chlorantraniiliprole,chlorantraniliprole,pesticide,spelling,1,1,1,,
chlorantraniiprole,chlorantraniliprole,pesticide,spelling,1,1,1,,
chlorantraniliprole,chlorantraniliprole,pesticide,exact,130,125,129,,
chlorantranilirprole,chlorantraniliprole,pesticide,spelling,2,2,2,,
chlorantranliprole,chlorantraniliprole,pesticide,spelling,1,1,1,,
chlorantrsniliprole,chlorantraniliprole,pesticide,spelling,1,1,1,,
chlorfenapyr,chlorfenapyr,pesticide,exact,27,27,27,,
chlorflauzoron,chlorfluazuron,pesticide,spelling,2,2,2,,
chlorpropham,chlorpropham,pesticide,exact,1,1,1,,
chlorpyrifis,chlorpyrifos,pesticide,spelling,2,1,2,,
chlorpyrifos,chlorpyrifos,pesticide,exact,152,118,152,,
chlorpyrifos1.057,chlorpyrifos,pesticide,spelling,1,1,1,yes,value glued to the name
chlorpyriphos,chlorpyrifos,pesticide,spelling,94,57,94,,
chlorpyriprhos,chlorpyrifos,pesticide,spelling,5,2,5,,
chlrorantraniliprole,chlorantraniliprole,pesticide,spelling,1,1,1,,
clithiandin,clothianidin,pesticide,spelling,1,1,1,,
clothaindin,clothianidin,pesticide,spelling,2,2,2,,
clothandin,clothianidin,pesticide,spelling,5,5,5,,
clothiandin,clothianidin,pesticide,spelling,73,72,73,,
Clothianidin,clothianidin,pesticide,case,2,1,2,,
clothianidin,clothianidin,pesticide,exact,116,87,115,,
cthalothrin,cyhalothrin,pesticide,spelling,1,1,1,,
ctpermethrin,cypermethrin,pesticide,spelling,1,1,1,,
cyanantraniliprole,cyantraniliprole,pesticide,spelling,11,11,11,,
cyanatraniliprole,cyantraniliprole,pesticide,spelling,2,2,2,,
cyantraniliprole,cyantraniliprole,pesticide,exact,13,13,13,,
cyazofamid,cyazofamid,pesticide,exact,8,8,8,,
cyflometofen,cyflumetofen,pesticide,spelling,1,1,1,,
cyfloumetofen,cyflumetofen,pesticide,spelling,1,1,1,,
cyflufenamid,cyflufenamid,pesticide,exact,3,3,3,,
cyflumetofen,cyflumetofen,pesticide,exact,21,21,19,,
cyfluometofen,cyflumetofen,pesticide,spelling,6,6,6,,
cyfluthrin,cyfluthrin,pesticide,exact,5,5,5,,
cyhalithrin,cyhalothrin,pesticide,spelling,1,1,1,,
cyhalothein,cyhalothrin,pesticide,spelling,1,1,1,,
cyhalothrin,cyhalothrin,pesticide,exact,103,103,103,,
cyhlaothrin,cyhalothrin,pesticide,spelling,1,1,1,,
cypermethrin,cypermethrin,pesticide,exact,44,43,44,,
cyprermethrin,cypermethrin,pesticide,spelling,4,4,4,,
cyproconazole,cyproconazole,pesticide,exact,8,7,8,,
cyprodianil,cyprodinil,pesticide,spelling,21,21,21,,
cyprodinil,cyprodinil,pesticide,exact,2,2,2,,
deltamethrin,deltamethrin,pesticide,exact,8,8,8,,
deltamithrin,deltamethrin,pesticide,spelling,2,2,2,,
dfenoconazole,difenoconazole,pesticide,spelling,1,1,1,,
diazinon,diazinon,pesticide,exact,5,4,5,,
difenconazole,difenoconazole,pesticide,spelling,2,1,2,,
difenocaonazole,difenoconazole,pesticide,spelling,1,1,1,,
difenocconazole,difenoconazole,pesticide,spelling,1,1,1,,
difenoconaole,difenoconazole,pesticide,spelling,1,1,1,,
difenoconaozle,difenoconazole,pesticide,spelling,4,4,4,,
difenoconazle,difenoconazole,pesticide,spelling,1,1,1,,
difenoconazole,difenoconazole,pesticide,exact,323,255,322,,
difethomorph,dimethomorph,pesticide,spelling,1,1,1,yes,1 letter from dimethomorph; assumed dimethomorph
difnotefuran,dinotefuran,pesticide,spelling,1,1,1,,
dimethoate,dimethoate,pesticide,exact,9,9,9,,
dimethoate0.008,dimethoate,pesticide,spelling,1,1,1,yes,value glued to the name
dimethomorph,dimethomorph,pesticide,exact,78,57,78,,
dimnotefuran,dinotefuran,pesticide,spelling,1,1,1,,
dimotefuran,dinotefuran,pesticide,spelling,1,1,1,,
dinmethomorph,dimethomorph,pesticide,spelling,1,1,1,,
dinotefuran,dinotefuran,pesticide,exact,96,93,96,,
dinotifuran,dinotefuran,pesticide,spelling,1,1,1,,
diphenilamine,diphenylamine,pesticide,spelling,1,1,1,,
diphenylamine,diphenylamine,pesticide,exact,3,3,3,,
ehtion,ethion,pesticide,spelling,1,1,1,,
emamectin,emamectin,pesticide,exact,1,1,1,,
esfenvalerate,esfenvalerate,pesticide,exact,4,3,4,,
ethion,ethion,pesticide,exact,77,57,77,,
ethirimol,ethirimol,pesticide,exact,1,1,1,,
ethofumesate,ethofumesate,pesticide,exact,5,4,5,,
etofenoprox,etofenprox,pesticide,spelling,2,2,2,,
etofenprox,etofenprox,pesticide,exact,4,4,4,,
etofenpyrox,etofenprox,pesticide,spelling,7,6,7,,
etoxazole,etoxazole,pesticide,exact,44,40,44,,
etoxozole,etoxazole,pesticide,spelling,1,1,1,,
famoxadon,famoxadone,pesticide,spelling,7,7,7,,
fenhexamid,fenhexamid,pesticide,exact,40,40,40,,
fenhexamide,fenhexamid,pesticide,spelling,1,1,1,,
fenhexanid,fenhexamid,pesticide,spelling,1,1,1,,
fenitothion,fenitrothion,pesticide,spelling,1,1,1,,
fenitrothion,fenitrothion,pesticide,exact,1,1,1,,
fenpropathrin,fenpropathrin,pesticide,exact,6,6,6,,
fenpyroximate,fenpyroximate,pesticide,exact,4,4,4,,
fenpyroxymate,fenpyroximate,pesticide,spelling,7,7,7,,
fenvalirate,fenvalerate,pesticide,spelling,1,1,1,yes,fenvalerate kept apart from esfenvalerate (EU residue definition sums them)
fipronil,fipronil,pesticide,exact,6,6,6,,
flodioxonil,fludioxonil,pesticide,spelling,2,2,2,,
fludioxinil,fludioxonil,pesticide,spelling,9,9,9,,
Fludioxonil,fludioxonil,pesticide,case,1,1,1,,
fludioxonil,fludioxonil,pesticide,exact,42,42,42,,
flumetaqiun,flumetaquin (unidentified),pesticide,spelling,3,3,3,yes,no known substance by this name; the 3 spellings are merged but the analyte is unidentified
flumetaquin,flumetaquin (unidentified),pesticide,spelling,1,1,1,yes,no known substance by this name; the 3 spellings are merged but the analyte is unidentified
fluometaqin,flumetaquin (unidentified),pesticide,spelling,1,1,1,yes,no known substance by this name; the 3 spellings are merged but the analyte is unidentified
fluopyram,fluopyram,pesticide,exact,117,101,116,,
flupyram,fluopyram,pesticide,spelling,4,4,4,,
flusilazole,flusilazole,pesticide,exact,1,1,1,,
flutolanil,flutolanil,pesticide,exact,1,1,1,,
flutriafol,flutriafol,pesticide,exact,9,7,9,,
hexythiaxox,hexythiazox,pesticide,spelling,1,1,1,,
hexythiazox,hexythiazox,pesticide,exact,19,19,19,,
htiophanate,thiophanate,pesticide,spelling,1,1,1,,
imidacloorid,imidacloprid,pesticide,spelling,1,1,1,,
imidaclopeid,imidacloprid,pesticide,spelling,1,1,1,,
Imidacloprid,imidacloprid,pesticide,case,3,1,3,,
imidacloprid,imidacloprid,pesticide,exact,359,317,359,,
imidaclprid,imidacloprid,pesticide,spelling,3,2,3,,
imidcloprid,imidacloprid,pesticide,spelling,2,2,2,,
indoxacarb,indoxacarb,pesticide,exact,61,59,61,,
ipovalicab,iprovalicarb,pesticide,spelling,2,2,2,,
linuron,linuron,pesticide,exact,9,9,9,,
maetalaxyl,metalaxyl,pesticide,spelling,1,1,1,,
malathion,malathion,pesticide,exact,4,4,4,,
mandipropamid,mandipropamid,pesticide,exact,25,25,25,,
mandipropamide,mandipropamid,pesticide,spelling,1,1,1,,
matalaxyl,metalaxyl,pesticide,spelling,5,3,5,,
metaflumezone,metaflumizone,pesticide,spelling,1,1,1,,
Metalaxyl,metalaxyl,pesticide,case,1,1,1,,
metalaxyl,metalaxyl,pesticide,exact,242,199,241,,
metalaxyl0.031,metalaxyl,pesticide,spelling,1,1,1,yes,value glued to the name
metalazyl,metalaxyl,pesticide,spelling,1,1,1,,
methomyl,methomyl,pesticide,exact,7,6,7,,
Methoxyfenozid,methoxyfenozide,pesticide,spelling,1,1,1,,
methoxyfenozid,methoxyfenozide,pesticide,spelling,28,25,28,,
methoxyfenozide,methoxyfenozide,pesticide,exact,21,19,20,,
metjoxyfenozide,methoxyfenozide,pesticide,spelling,1,1,1,,
metrafenon,metrafenone,pesticide,spelling,6,6,6,,
metrafenone,metrafenone,pesticide,exact,10,10,10,,
metribuzin,metribuzin,pesticide,exact,5,3,5,,
mrtalaxyl,metalaxyl,pesticide,spelling,1,1,1,,
myclobutanil,myclobutanil,pesticide,exact,22,19,20,,
NO CBD,,non_analyte,non_analyte,655,492,0,yes,not an analyte (is_detected = 0 on every row); meaning unknown
NO DETECTION,,non_analyte,non_analyte,45,25,0,yes,not an analyte (is_detected = 0 on every row)
omethoate,omethoate,pesticide,exact,3,3,3,,
oxadiazon,oxadiazon,pesticide,exact,1,1,1,,
penconazole,penconazole,pesticide,exact,26,19,26,,
pipronil butoxid,piperonyl butoxide,pesticide,spelling,1,1,1,,
pipronylbutoxide,piperonyl butoxide,pesticide,spelling,3,1,3,,
pirimicarb,pirimicarb,pesticide,exact,2,2,2,,
pirimiphos methyl,pirimiphos-methyl,pesticide,spelling,2,1,2,,
prencomazole,penconazole,pesticide,spelling,1,1,1,yes,assumed penconazole (could be propiconazole)
pretilachlor,pretilachlor,pesticide,exact,1,1,1,,
primiphos,pirimiphos-methyl,pesticide,spelling,1,1,1,yes,no '-methyl'; assumed pirimiphos-methyl
primiphos methyl,pirimiphos-methyl,pesticide,spelling,4,2,2,,
primiphos-methyl,pirimiphos-methyl,pesticide,spelling,1,1,1,,
profenfos,profenofos,pesticide,spelling,158,92,158,,
profenofos,profenofos,pesticide,exact,91,79,90,,
proimiphos methyl,pirimiphos-methyl,pesticide,spelling,1,1,1,,
propamocarb,propamocarb,pesticide,exact,58,54,58,,
propargite,propargite,pesticide,exact,3,3,3,,
propargote,propargite,pesticide,spelling,1,1,1,,
proparigite,propargite,pesticide,spelling,1,1,1,,
propfenofos,profenofos,pesticide,spelling,2,1,2,,
propicoanzole,propiconazole,pesticide,spelling,2,1,2,,
propiconanzole,propiconazole,pesticide,spelling,2,1,2,,
propiconazole,propiconazole,pesticide,exact,159,117,159,,
prtraclostrobin,pyraclostrobin,pesticide,spelling,1,1,1,,
pydiflumetofen,pydiflumetofen,pesticide,exact,6,6,6,,
pyraclostobin,pyraclostrobin,pesticide,spelling,1,1,1,,
pyraclostrobin,pyraclostrobin,pesticide,exact,150,128,149,,
pyraclostrobin0046,pyraclostrobin,pesticide,spelling,2,1,2,yes,value glued to the name
pyraclotrobin,pyraclostrobin,pesticide,spelling,1,1,1,,
pyrclostrobin,pyraclostrobin,pesticide,spelling,2,2,2,,
pyridaben,pyridaben,pesticide,exact,43,43,43,,
pyridabin,pyridaben,pesticide,spelling,7,7,7,,
pyrimethanil,pyrimethanil,pesticide,exact,44,44,44,,
pyriproxafen,pyriproxyfen,pesticide,spelling,2,2,2,,
pyriproxfen,pyriproxyfen,pesticide,spelling,9,7,9,,
pyriproxifen,pyriproxyfen,pesticide,spelling,1,1,1,,
pyriproxyefn,pyriproxyfen,pesticide,spelling,1,1,1,,
pyriproxyfen,pyriproxyfen,pesticide,exact,39,37,39,,
pyripyroxfen,pyriproxyfen,pesticide,spelling,1,1,1,,
pyripyroxyfen,pyriproxyfen,pesticide,spelling,1,1,1,,
sboscalid,boscalid,pesticide,spelling,1,1,1,,
spinosad,spinosad,pesticide,exact,3,3,3,,
spinosadA,spinosad,pesticide,spelling,4,4,4,yes,spinosyn A; merged into spinosad (EU: sum of spinosyn A and D)
spinosadD,spinosad,pesticide,spelling,3,3,3,yes,spinosyn D; merged into spinosad (EU: sum of spinosyn A and D)
spinoteram,spinetoram,pesticide,spelling,2,2,2,,
spirodiclofen,spirodiclofen,pesticide,exact,3,3,3,,
spiromesfen,spiromesifen,pesticide,spelling,4,4,4,,
spirotetramat,spirotetramat,pesticide,exact,4,4,4,,
spirotetramate,spirotetramat,pesticide,spelling,12,10,12,,
spirotrtramate,spirotetramat,pesticide,spelling,1,1,1,,
spirptetramate,spirotetramat,pesticide,spelling,1,1,1,,
sulfotep,sulfotep,pesticide,exact,3,2,3,,
sulfoxacflor,sulfoxaflor,pesticide,spelling,2,2,2,,
sulfoxachlor,sulfoxaflor,pesticide,spelling,2,2,2,,
sulfoxaflor,sulfoxaflor,pesticide,exact,2,2,2,,
tbuconazole,tebuconazole,pesticide,spelling,1,1,1,,
tebuconaozle,tebuconazole,pesticide,spelling,1,1,1,,
tebuconazole,tebuconazole,pesticide,exact,284,225,284,,
tebufenpyrad,tebufenpyrad,pesticide,exact,4,3,4,,
tethion,ethion,pesticide,spelling,2,1,2,yes,assumed ethion with a stray t
thabendazole,thiabendazole,pesticide,spelling,1,1,1,,
thamethoxam,thiamethoxam,pesticide,spelling,1,1,1,,
thiaabendazole,thiabendazole,pesticide,spelling,1,1,1,,
thiabendazole,thiabendazole,pesticide,exact,55,54,55,,
thiacloprid,thiacloprid,pesticide,exact,2,2,2,,
thiameethoxam,thiamethoxam,pesticide,spelling,1,1,1,,
thiamethoxam,thiamethoxam,pesticide,exact,289,243,287,,
thiameyhoxam,thiamethoxam,pesticide,spelling,1,1,1,,
thiaophanate,thiophanate,pesticide,spelling,1,1,1,,
thiaphonate,thiophanate,pesticide,spelling,3,3,3,,
thimethoxam,thiamethoxam,pesticide,spelling,1,1,1,,
thiobendazole,thiabendazole,pesticide,spelling,1,1,1,,
thiophanate,thiophanate,pesticide,exact,132,108,131,yes,EU substance is thiophanate-methyl; the lab's name is kept
thiophante,thiophanate,pesticide,spelling,1,1,1,,
tiamethoxam,thiamethoxam,pesticide,spelling,1,1,1,,
toflenpyrad,tolfenpyrad,pesticide,spelling,2,1,2,,
tolfenpyrad,tolfenpyrad,pesticide,exact,14,8,14,,
tolifenpyrad,tolfenpyrad,pesticide,spelling,2,1,2,,
tolyfenpyrad,tolfenpyrad,pesticide,spelling,6,4,6,,
trfloxystrobin,trifloxystrobin,pesticide,spelling,1,1,1,,
tricycalazole,tricyclazole,pesticide,spelling,1,1,1,,
tricyclazle,tricyclazole,pesticide,spelling,1,1,1,,
tricyclazole,tricyclazole,pesticide,exact,73,53,73,,
trifloxtstrobin,trifloxystrobin,pesticide,spelling,1,1,1,,
trifloxystrobin,trifloxystrobin,pesticide,exact,51,39,51,,
trifloxysttrobin,trifloxystrobin,pesticide,spelling,1,1,1,,
triflumizole,triflumizole,pesticide,exact,1,1,1,,
triicyclazole,tricyclazole,pesticide,spelling,1,1,1,,
UNIVERSITY,,non_analyte,non_analyte,4,4,0,yes,not an analyte (is_detected = 0 on every row); sample sent to the university?
universty,,non_analyte,non_analyte,3,3,0,yes,not an analyte (is_detected = 0 on every row); sample sent to the university?
unveristy,,non_analyte,non_analyte,3,3,0,yes,not an analyte (is_detected = 0 on every row); sample sent to the university?
zoxamid,zoxamide,pesticide,spelling,3,3,3,,
zoxamide,zoxamide,pesticide,exact,1,1,1,,
ألجامعة,,non_analyte,non_analyte,5,5,0,yes,not an analyte (is_detected = 0 on every row); sample sent to the university?
الجامعة,,non_analyte,non_analyte,9,9,0,yes,not an analyte (is_detected = 0 on every row); sample sent to the university?
الجامعه,,non_analyte,non_analyte,3,3,0,yes,not an analyte (is_detected = 0 on every row); sample sent to the university?
