term,categories,note
خضار,Vegetables,Vegetables only (decided 2026-09-27; Leafy Greens is separate)
خضروات,Vegetables,Vegetables only (decided 2026-09-27; Leafy Greens is separate)
خضراوات,Vegetables,Vegetables only (decided 2026-09-27; Leafy Greens is separate)
vegetables,Vegetables,Vegetables only (decided 2026-09-27; Leafy Greens is separate)
فواكه,Fruits,
فاكهة,Fruits,
fruits,Fruits,
توابل,Spices,
بهارات,Spices,
spices,Spices,
مكسرات,Nuts,
nuts,Nuts,
حبوب,Grains,
grains,Grains,
ورقيات,Leafy Greens,
خضار ورقية,Leafy Greens,
خضروات ورقية,Leafy Greens,
leafy greens,Leafy Greens,
